Sequence,Class,Sidechain_polarity,Size_hydrophobicity,Hbonding_capacity,Hydrophobicity_index,Alpha_turn_propensities,Bulky_properties,Compositional_char_index,Local_flexibility,Electronic properties,Surrounding_hydrophobicity,Lipophilicity,Steric_properties,Electronic_properties
ATTKIWGSVALPKIL,1,-0.388,-0.286,0.1933333333333333,0.09526666666666665,0.038666666666666655,-0.05633333333333331,0.7164666666666667,0.16199999999999998,0.07839999999999998,-0.07199999999999998,-0.9299999999999999,-1.122666666666667,-0.668
GKKRLKDWLHLKQLF,1,0.025333333333333333,0.022,0.164,-0.16926666666666665,0.3716666666666667,0.37100000000000005,0.4284,-0.053,0.2708666666666667,0.4313333333333332,-0.18466666666666676,0.404,-1.110666666666667
LARKGLLIKVVHKFG,1,-0.396,-0.15200000000000002,0.2593333333333333,-0.14373333333333332,0.28273333333333334,0.08919999999999999,0.7720666666666667,-0.11726666666666666,0.3694,0.4446666666666666,-0.5953333333333333,-0.8193333333333335,-1.1726666666666667
RNPLTNLDLFKAKFY,1,-0.054666666666666655,-0.10200000000000002,0.037333333333333336,-0.07519999999999998,0.04299999999999996,0.2664666666666667,0.41,0.20646666666666663,0.05166666666666667,0.08266666666666667,-0.4206666666666667,0.4426666666666667,-0.338
KFVGKEFALRLFSLK,1,-0.276,-0.07266666666666666,0.11800000000000001,-0.0815333333333333,0.4030000000000001,0.22746666666666668,0.7161333333333333,0.017533333333333335,0.2434666666666667,0.2986666666666667,-0.6606666666666666,-0.1826666666666666,-0.7866666666666666
LFKIKKLKGKAFTLI,1,-0.31466666666666665,-0.06333333333333332,0.26199999999999996,0.1451333333333333,0.4036,0.3032666666666667,0.7833333333333333,-0.036000000000000004,0.3344666666666667,0.10133333333333334,-0.9713333333333334,-0.506,-1.2253333333333332
HFKGLVLWRKEKRAL,1,-0.08800000000000002,0.019333333333333334,0.21666666666666673,-0.2584666666666667,0.4713333333333333,0.292,0.47446666666666665,-0.04380000000000002,0.41780000000000006,0.5033333333333333,-0.1486666666666668,0.18933333333333327,-1.1813333333333331
LKRGMKHKKVKAFGF,1,-0.178,-0.07666666666666666,0.402,-0.3592666666666667,0.2458,0.08513333333333335,0.38266666666666677,-0.18166666666666667,0.4261333333333335,0.4646666666666665,0.24133333333333334,-0.1213333333333333,-0.9873333333333334
RKKSKLLESKMRKAL,1,0.12533333333333338,-0.07066666666666666,0.44266666666666665,-0.4692666666666667,0.5907333333333332,0.08766666666666666,0.5714666666666666,0.08153333333333332,0.5676000000000001,0.4573333333333332,0.7286666666666669,0.07533333333333328,-1.3773333333333333
KIAMIKLAKIIAKKN,1,-0.3026666666666667,-0.16599999999999998,0.32733333333333337,0.057266666666666695,0.6001333333333332,0.14573333333333338,0.6237333333333334,-0.09573333333333336,0.3121333333333334,-0.4060000000000001,-0.4980000000000002,-0.6219999999999999,-1.164666666666667
